Stage,PV_sum,EV_sum,PP_mean,Count
Discovery (S.P.I.N.),968404,435303,0.3285714285714286,14
On Hold,500000,284000,0.65,4
Quoting,1120186,522033,0.5809523809523811,21
Won,105540,105540,1.0,4
Working,5785000,5538500,0.7255555555555557,9
