Stage,PV_sum,EV_sum,PP_mean,Count
Discovery (S.P.I.N.),150000,100000,0.625,2
Lost (why?),50000,12500,0.25,1
On Hold,670000,502500,0.75,5
Quoting,477000,406090,0.7542857142857143,7
Working,1280000,1049200,0.7828571428571429,7
