Stage,PV_sum,EV_sum,PP_mean,Count
Discovery (S.P.I.N.),1830000,484500,0.37083333333333335,12
Quoting,4334495,1972269,0.5233333333333334,36
Solution Development,880000,566000,0.4557142857142857,7
Won,520067,493697,0.9222222222222223,9
Working,2249908,1598851,0.6541666666666667,12
