Stage,PV_sum,EV_sum,PP_mean,Count
Quoting,355000,181250,0.5416666666666666,6
Won,99000,84000,0.8833333333333333,3
Working,1062000,348600,0.38333333333333336,12
