Stage,PV_sum,EV_sum,PP_mean,Count
Discovery (S.P.I.N.),125000,62500,0.5,2
On Hold,345000,172500,0.5,2
Quoting,181000,107250,0.56875,8
Won,31000,25250,0.85,2
Working,960000,530000,0.5416666666666666,6
