Stage,PV_sum,EV_sum,PP_mean,Count
Discovery (S.P.I.N.),85000,52500,0.6666666666666666,3
On Hold,3000000,2400000,0.8,1
Quoting,215000,155500,0.7625,4
Solution Development,35000,7000,0.2,1
Won,262500,211250,0.8875,4
Working,1770000,1238250,0.6785714285714286,7
